email,uuid
fake_email0@fake.com,38404f62-5886-4d00-bdff-f5533d4c2471
fake_email1@fake.com,e958f2b2-c276-4997-8f4a-17cd2e6f4149
fake_email2@fake.com,c738cb89-38e4-4bb2-8a81-e38aca29a185
fake_email3@fake.com,c13a70b4-0e2f-421e-8c91-f9bf49bf5057
fake_email4@fake.com,4118fe30-c5e3-4b44-9d8c-bb200a903f7b
fake_email5@fake.com,42661a29-b3fd-4acf-bb04-75739588fc65
fake_email6@fake.com,bcc43df5-951e-440a-a43d-ced4435c6b0f
fake_email7@fake.com,26f82bf6-3e8f-4c67-bf11-493605a31e3c
fake_email8@fake.com,e4d6cf72-ce61-4c55-bcc7-115f90e7b505
fake_email9@fake.com,c3542c28-f961-44b8-bb01-6db0ce358e81
fake_email10@fake.com,34002aba-1397-4efa-86f8-974007f530ef
fake_email11@fake.com,3ac67cd0-ed7e-4d5c-a4fa-5b7a9ab3c2e4
fake_email12@fake.com,ee83444a-82f7-436f-ba51-031b0b2313c2
fake_email13@fake.com,dc8f5993-0282-48a1-be93-272656e5f7dd
fake_email14@fake.com,5d888855-7174-4532-b014-e7f1a8a76b65
fake_email15@fake.com,0ceca39a-77e6-4101-bd98-2f168d8443ad
fake_email16@fake.com,19ffcb92-aaca-4e06-b651-223accf94206
fake_email17@fake.com,4aa1a2bb-ce05-4e09-a0a2-8f3ab7181ce9
fake_email18@fake.com,4e4d9482-543c-4f80-8fc3-703d33da8c3e
fake_email19@fake.com,2faef0a9-d66d-48bb-b7e0-ff4f2599aa7a
fake_email20@fake.com,0a1c87f4-cda0-4929-a389-a75e2d28664f
fake_email21@fake.com,84b50c29-4c59-42d4-ad4e-8171641fe2de
fake_email22@fake.com,2100c3b7-c7de-4434-8c18-d83e5ecdfade
fake_email23@fake.com,3fa51403-da99-45da-9a9e-b89ba8945820
fake_email24@fake.com,87022f6a-5a99-4cee-8db9-904d32b9e708
fake_email25@fake.com,2cdee2a6-80de-4a14-8311-bc5fc37f671c
fake_email26@fake.com,2e0c3df4-b8e1-4b7a-87a0-b87c9059ac86
fake_email27@fake.com,ba2af4b0-d02b-46ff-95a4-9058a9344f85
fake_email28@fake.com,0492b842-940e-49f6-86f2-723a58317c64
fake_email29@fake.com,b10a50de-ca02-48e3-96c9-3270948380d6
fake_email30@fake.com,f8d94461-a33b-4e23-a89c-277d7c3ec209
fake_email31@fake.com,b253bfbb-8afe-4860-a579-939193854d64
fake_email32@fake.com,70050771-aed2-48b6-93af-c8b6fd00093c
fake_email33@fake.com,033a0d9a-6990-4f50-9793-e7d38064aea8
fake_email34@fake.com,161c06e9-823b-4752-941e-2f3b1f2a0a10
fake_email35@fake.com,2b74c259-d41d-4a34-8264-f0729e4632c3
fake_email36@fake.com,9bf95cb6-9e1a-4325-b99c-cf2bd2a44a22
fake_email37@fake.com,cc3a9982-94af-4be8-8843-d5587bff540f
fake_email38@fake.com,b95453ff-7ade-430b-b97d-8b7c9f79d730
fake_email39@fake.com,eb486f88-761f-415c-b922-2cd797f56dab
fake_email40@fake.com,4244981d-cb73-4c58-971e-a9022124af4b
fake_email41@fake.com,0d54ade6-b476-4ff4-a1c3-f9820a054c2f
fake_email42@fake.com,5cf6ba84-6aff-4f8b-93bf-4ce9140e4a4b
fake_email43@fake.com,dd194979-05d4-4650-977d-3bca44cc36fa
fake_email44@fake.com,a522e270-e28e-41e6-8647-8ab7e1f47d26
fake_email45@fake.com,7984c8c4-3c65-48f7-93c0-795176a4cb32
fake_email46@fake.com,3ac0ad35-f3a3-4cff-b11c-94b21be33581
fake_email47@fake.com,e6e77181-3307-47d6-88cd-5e5602f32b01
fake_email48@fake.com,08b5ae20-ce09-4f5c-85c5-a9f01c0429da
fake_email49@fake.com,36448124-8590-435e-b3e3-6e8cb6c36a6f
fake_email50@fake.com,8c5ef288-9d95-4fa3-a3ff-565fcdeee09f
fake_email51@fake.com,e3a5f113-6ebd-42ec-96a6-c7a016dbdaa2
fake_email52@fake.com,153a6f39-564f-48a4-a00c-15a3179a5acb
fake_email53@fake.com,5f06ea2b-e849-4748-aba1-a279f1b89e38
fake_email54@fake.com,915bf19c-0340-4aff-a3ac-7d89e231d279
fake_email55@fake.com,38218967-087a-4c44-8006-031c4d4d4206
fake_email56@fake.com,241519ab-f36c-4375-b413-6de66319c3a5
fake_email57@fake.com,98eff08e-dbe0-4c5a-b9a2-d13dd79c9546
fake_email58@fake.com,98ab161c-2fe0-4bdd-830a-8991ddf208bc
fake_email59@fake.com,e5fed2fd-9e8c-4e44-9208-d6842281950b
fake_email60@fake.com,43d3fffc-7256-4da3-8526-d25d503fb257
fake_email61@fake.com,9e5efd68-757f-4e70-9ab1-93bf34c4acde
fake_email62@fake.com,3750adf7-e0ac-4a8a-bcdb-cee7f23931be
fake_email63@fake.com,3e22c347-715b-4933-ba9a-e36ef0a2f270
fake_email64@fake.com,c2b80c96-3a5d-4f08-a8b0-b1ffd7ee44ef
fake_email65@fake.com,6f508eb5-8854-4702-939b-bc68a06eb59a
fake_email66@fake.com,a7766b12-5b5d-4dc0-b593-5623aa03285c
fake_email67@fake.com,2f0d0bd0-46c2-4676-90f4-4a69340dc56e
fake_email68@fake.com,6764ee9e-6a79-45fb-9fbe-8312cf368f90
fake_email69@fake.com,6cd837ce-c323-4fae-935f-0176a8beb344
fake_email70@fake.com,a42592c3-f1f9-4cd9-92b3-c17f685e92cc
fake_email71@fake.com,7f23ed43-8dd4-40c8-8142-021d75d3d6a5
fake_email72@fake.com,e149da18-c926-434a-8d40-47e76896ddd8
fake_email73@fake.com,7930f258-1191-4ce3-ab7c-b99faf91022d
fake_email74@fake.com,65ed8f72-4b02-4f1d-b270-2f1e2a2ba614
fake_email75@fake.com,f83bdca8-d7e9-4abf-ae78-a0149eb1199a
fake_email76@fake.com,84faf03d-036c-44cf-a657-5573a155aecd
fake_email77@fake.com,853aa483-47ff-4e69-b51b-dfb6f8448011
fake_email78@fake.com,37276e5f-77b3-4a6c-b570-6dd8057192ee
fake_email79@fake.com,e4e1d6d6-4496-47f6-baaa-0d7d0b1ba1ad
fake_email80@fake.com,419b44a5-008b-4c16-ac61-7cb3bd283600
fake_email81@fake.com,6615f346-93ad-4978-ad73-539f6e903e76
fake_email82@fake.com,e92faeab-53c7-493e-8699-db3ea87c04fa
fake_email83@fake.com,1c8661bf-eceb-4d3e-bd63-5bc8caf67cf4
fake_email84@fake.com,51a9795b-06aa-4e40-9f80-97908d42d7fb
fake_email85@fake.com,e1b9d40e-9b4d-4df3-8013-6c5aa08272a6
fake_email86@fake.com,112a7bd9-ec7e-4c18-a4d2-701e7cc05f52
fake_email87@fake.com,e743b309-c34d-404a-ad00-e19cb0c74d5d
fake_email88@fake.com,179ceab1-9537-4441-bee2-9ff1232b7b17
fake_email89@fake.com,966c906e-0906-49c4-9d57-b9ac1b0944cb
fake_email90@fake.com,92159b83-84a6-4db0-9170-c3c68e61c83a
fake_email91@fake.com,a52992a9-8b67-49ff-a13e-a655c54da659
fake_email92@fake.com,d685f3b5-ee04-4ae2-858c-2a3cad862287
fake_email93@fake.com,7012b4e3-f3d4-45dd-96f8-9b876c5ccc5c
fake_email94@fake.com,be693d03-b152-47f2-b854-5d5f07db2e0c
fake_email95@fake.com,0aa905af-fc28-4c6f-a3b0-89735066d6ea
fake_email96@fake.com,4208c1bb-9e83-4f92-bbd6-a5ede4d1038a
fake_email97@fake.com,1edb0c2d-5dce-41fb-9a2d-c32eb64ea699
fake_email98@fake.com,fb0912fe-8319-4a98-9c86-62968076245c
fake_email99@fake.com,22e21c0a-ba99-4c27-b353-3c28f2fdcd7f
